{
    "Blogs": {
        "type1":[
            {
                "deliveryName": "Normal",
                "days": 3,
                "charge": 1500
            },
            {
                "deliveryName": "Express",
                "days": 2,
                "charge": 2000
            }
        ],
        "type2":[
            {
                "deliveryName": "Normal",
                "days": 4,
                "charge": 3000
            },
            {
                "deliveryName": "Express",
                "days": 2,
                "charge": 4000
            }
        ],
        "type3":[
            {
                "deliveryName": "Normal",
                "days": 5,
                "charge": 6000
            },
            {
                "deliveryName": "Express",
                "days": 3,
                "charge": 7000
            }
        ],
        "type4":[
            {
                "deliveryName": "Normal",
                "days": 7,
                "charge": 8000
            },
            {
                "deliveryName": "Express",
                "days": 3,
                "charge": 9000
            }
        ],
        "message": ""
    },
    "Article": {
        "type1":[
            {
                "deliveryName": "Normal",
                "days": 3,
                "charge": 1500
            },
            {
                "deliveryName": "Express",
                "days": 2,
                "charge": 2000
            }
        ],
        "type2":[
            {
                "deliveryName": "Normal",
                "days": 4,
                "charge": 3000
            },
            {
                "deliveryName": "Express",
                "days": 2,
                "charge": 4000
            }
        ],
        "type3":[
            {
                "deliveryName": "Normal",
                "days": 5,
                "charge": 6000
            },
            {
                "deliveryName": "Express",
                "days": 3,
                "charge": 7000
            }
        ],
        "type4":[
            {
                "deliveryName": "Normal",
                "days": 7,
                "charge": 8000
            },
            {
                "deliveryName": "Express",
                "days": 3,
                "charge": 9000
            }
        ],
        "message": ""
    },
    "pressRelease":{
        "type1":[
            {
                "deliveryName": "Normal",
                "days": 3,
                "charge": 2500
            },
            {
                "deliveryName": "Express",
                "days": 2,
                "charge": 3000
            },
            {
                "deliveryName": "Urgent",
                "days": 1,
                "charge": 3500
            }
        ],
        "message": ""
    },
    "emailNews":{
        "type1":[
            {
                "deliveryName": "Normal",
                "days": 4,
                "charge": 2000
            },
            {
                "deliveryName": "Express",
                "days": 3,
                "charge": 2500
            },
            {
                "deliveryName": "Urgent",
                "days": 2,
                "charge": 3000
            }
        ],
        "message": ""
    },
    "caseStudy":{
        "message":"The objective, format, and the volume of content of every case study varies for every client. So please fill out this form with your project details and we will get in touch with you with your personalised pricing plan."
    },
    "whitepaper":{
        "type1":[
            {
                "deliveryName": "Normal",
                "days": 7,
                "charge": 4500
            },
            {
                "deliveryName": "Fast",
                "days": 5,
                "charge": 5500
            },
            {
                "deliveryName": "Express",
                "days": 3,
                "charge": 6500
            },
            {
                "deliveryName": "Urgent",
                "days": 1,
                "charge": 7500
            }
        ],
        "type2":[
            {
                "deliveryName": "Normal",
                "days": 9,
                "charge": 7500
            },
            {
                "deliveryName": "Express",
                "days": 7,
                "charge": 8500
            },
            {
                "deliveryName": "Urgent",
                "days": 5,
                "charge": 9500
            }
        ],
        "type3":[
            {
                "deliveryName": "Normal",
                "days": 10,
                "charge": 15000
            },
            {
                "deliveryName": "Express",
                "days": 7,
                "charge": 17000
            },
            {
                "deliveryName": "Urgent",
                "days": 5,
                "charge": 18000
            }
        ],
        "message": ""
    },
    "socialMedia":{
        "message":"Every brand has a unique identity online primarily through the means of Social Media. Different identities equate to different requirements. Please fill out this form and detail your requirements and we will get in touch with you in 3-5 hours with your personalised pricing plan."
    },
    "productDescription":{
        "message": "Every brand has unique product descriptions. Please fill out this form and detail your requirements and we will get in touch with you in 3-5 hours with your personalised pricing plan."
    },
    "Website":{
    },
    "Advertisement":{
        "message":"The scope of an Advertisement differs with context. We don’t operate with one price for all when you could be paying less. So fill up the project description box, and our Advertising Executive will get in touch with you."
    },
    "sop":{
        "message":"An ideal SoP is the cornerstone of your candidature in the university of your dreams. We want to make sure that it’s perfectly written just for you. Hence, we don’t have a fixed pricing plan for SoP. Please fill in all the relevant details in the project description box and our Admission Consultant will get in touch with you."
    },
    "resume":{
        "message":"One piece of paper between you and your dream job. Working on such a document requires personal connection with the client, hence, please fill out the details in the Project Description, and our Corporate Executive will get in touch with you."
    },
    "coverLetter":{
        "message": ""
    },
    "research":{
        "message": ""
    }
}